id,age,gender,income,spending_score,membership_years,purchase_frequency,preferred_category,last_purchase_amount,Unnamed: 9,total_spent,cluster
1,38,Female,99342,90,3,0.0,Groceries,113.53,,0.31686766944369305,2
2,21,Female,78852,60,2,0.0,Sports,41.93,,-0.2820160839139862,3
3,60,Female,126573,30,2,0.0,Clothing,424.36,,1.1127780397552092,1
4,40,Other,47099,74,9,0.0,Home & Garden,991.93,,-1.2100959189733511,0
5,65,Female,140621,21,3,0.0,Electronics,347.08,,1.5233743778307913,1
6,31,Other,57305,24,3,0.0,Home & Garden,86.85,,-0.9117939381647385,0
7,19,Other,54319,68,5,0.0,Clothing,191.72,,-0.999069042485189,0
8,43,Male,108115,94,9,0.0,Groceries,734.56,,0.5732857840462757,2
9,53,Male,34424,29,6,0.0,Sports,951.71,,-1.5805620767970987,0
10,55,Female,45839,55,7,0.0,Electronics,821.18,,-1.2469233240114515,0
11,23,Other,69659,16,7,0.0,Clothing,434.97,,-0.5507100001959357,3
12,68,Other,30058,91,1,0.0,Groceries,889.94,,-1.70817195806404,0
13,29,Female,87461,81,3,0.0,Home & Garden,101.07,,-0.030391377586203836,3
14,64,Other,33018,46,4,0.0,Sports,221.35,,-1.6216567843237408,0
15,33,Male,112260,17,5,0.0,Home & Garden,915.89,,0.6944362553819312,2
16,53,Male,129284,17,6,0.0,Clothing,225.4,,1.192015416785598,1
17,57,Male,102535,29,5,0.0,Clothing,378.47,,0.41019299030611717,2
18,22,Male,41849,22,1,0.0,Sports,844.08,,-1.363543439965436,0
19,37,Male,95491,90,6,0.0,Home & Garden,454.83,,0.20431025928359434,2
20,31,Male,97103,70,3,0.0,Groceries,61.3,,0.2514259552529735,2
21,19,Female,82519,13,4,0.0,Home & Garden,742.39,,-0.17483664401341958,3
22,22,Male,49077,74,10,0.0,Home & Garden,799.31,,-1.152282738683381,0
23,36,Other,85473,68,1,0.0,Sports,806.55,,-0.08849683886853991,3
24,41,Other,81758,87,7,0.0,Clothing,482.2,,-0.19707922753246274,3
25,69,Female,36140,78,5,0.0,Sports,508.86,,-1.5304066585071143,0
26,33,Other,141757,60,10,0.0,Groceries,83.27,,1.5565774985635548,1
27,54,Male,35394,10,9,0.0,Groceries,124.29,,-1.5522108205376086,0
28,30,Female,50680,19,7,0.0,Sports,515.88,,-1.1054300956071312,0
29,18,Female,70721,78,7,0.0,Home & Garden,191.9,,-0.5196697588066798,3
30,23,Male,104106,30,4,0.0,Electronics,950.56,,0.4561103342067962,2
31,36,Other,76756,16,8,0.0,Clothing,970.06,,-0.3432781799138737,3
32,60,Female,45733,69,2,0.0,Electronics,197.29,,-1.25002150253053,0
33,29,Male,71951,2,6,0.0,Electronics,91.94,,-0.483719196745677,3
34,44,Other,86593,89,4,0.0,Groceries,76.95,,-0.05576136772356185,3
35,45,Other,43138,54,10,0.0,Sports,639.22,,-1.3258684200494746,0
36,30,Female,73464,37,1,0.0,Clothing,532.51,,-0.43949708260072,3
37,47,Male,108074,78,4,0.0,Electronics,128.2,,0.5720874319775757,2
38,48,Other,81794,89,7,0.0,Electronics,967.99,,-0.19602701595994557,3
39,31,Female,75392,43,4,0.0,Sports,88.44,,-0.38314530727257917,3
40,22,Male,107057,14,5,0.0,Home & Garden,98.86,,0.5423624550539661,2
41,23,Male,70723,31,1,0.0,Home & Garden,713.33,,-0.5196113026082065,3
42,52,Male,115529,70,2,0.0,Clothing,192.66,,0.789982911786336,2
43,35,Male,72179,6,6,0.0,Home & Garden,165.18,,-0.477055190119735,3
44,28,Other,62405,79,5,0.0,Home & Garden,956.73,,-0.762730632058142,0
45,50,Male,42404,45,4,0.0,Home & Garden,753.6,,-1.3473218448891298,0
46,49,Other,94531,28,5,0.0,Clothing,214.93,,0.17625128401647025,2
47,56,Male,129005,40,6,0.0,Electronics,355.34,,1.18386077709859,1
48,48,Male,76317,94,9,0.0,Electronics,189.28,,-0.3561093154787357,3
49,19,Other,85309,65,5,0.0,Sports,28.55,,-0.09329024714334028,3
50,68,Female,146519,96,2,0.0,Groceries,673.79,,1.6957617071281847,1
51,61,Female,61290,83,9,0.0,Clothing,110.32,,-0.7953199627069371,0
52,24,Female,96082,83,4,0.0,Sports,589.35,,0.22158406593241758,2
53,45,Other,134241,73,9,0.0,Groceries,893.44,,1.3368991047013625,1
54,33,Female,45136,84,9,0.0,Home & Garden,332.34,,-1.2674706777747726,0
55,56,Female,85476,55,2,0.0,Sports,774.5,,-0.08840915457083016,3
56,42,Other,73466,50,4,0.0,Sports,903.07,,-0.43943862640224685,3
57,63,Other,49607,7,9,0.0,Electronics,195.34,,-1.1367918460879896,0
58,49,Female,112198,48,5,0.0,Sports,843.87,,0.6926241132292628,2
59,43,Female,81595,12,7,0.0,Electronics,806.26,,-0.2018434077080265,3
60,21,Female,139387,1,5,0.0,Clothing,399.58,,1.487306903372842,1
61,23,Male,69133,14,6,0.0,Groceries,224.86,,-0.5660839803943808,3
62,30,Other,89149,87,10,0.0,Clothing,174.41,,0.018945653925155976,3
63,49,Female,79992,49,8,0.0,Sports,636.65,,-0.24869605078427637,3
64,50,Female,85111,31,1,0.0,Electronics,319.05,,-0.09907741079218461,3
65,27,Other,90557,36,2,0.0,Sports,494.55,,0.06009881765027127,3
66,32,Male,100270,69,3,0.0,Home & Garden,686.05,,0.3439913455352463,2
67,36,Female,127346,75,5,0.0,Electronics,335.98,,1.1353713604650912,1
68,43,Female,87807,52,9,0.0,Clothing,95.08,,-0.020278455250344538,3
69,32,Male,135861,88,5,0.0,Electronics,103.33,,1.3842486254646345,1
70,49,Other,40936,32,9,0.0,Sports,495.62,,-1.3902286945684403,0
71,23,Female,66376,60,1,0.0,Electronics,77.73,,-0.6466658499896527,3
72,58,Other,56120,30,3,0.0,Groceries,880.23,,-0.9464292357600947,0
73,31,Female,112452,21,1,0.0,Groceries,552.21,,0.700048050435356,2
74,38,Female,102944,63,8,0.0,Home & Garden,92.69,,0.4221472828938815,2
75,58,Other,143037,56,8,0.0,Groceries,57.57,,1.5939894655863869,1
76,60,Female,131101,68,8,0.0,Home & Garden,522.95,,1.2451228730984776,1
77,49,Male,30708,4,1,0.0,Groceries,990.0,,-1.689173693560258,0
78,32,Other,44048,20,7,0.0,Clothing,41.55,,-1.2992708497441798,0
79,30,Other,95501,27,3,0.0,Groceries,476.25,,0.2046025402759602,2
80,68,Other,45092,54,4,0.0,Electronics,738.6,,-1.2687567141411824,0
81,65,Other,117157,90,9,0.0,Electronics,812.36,,0.8375662573435005,2
82,36,Female,148542,60,1,0.0,Groceries,15.66,,1.7548901518838014,1
83,36,Female,99427,94,8,0.0,Sports,265.04,,0.319352057878803,2
84,56,Male,58971,77,9,0.0,Electronics,13.16,,-0.8630999248365836,0
85,19,Male,101100,43,3,0.0,Clothing,392.36,,0.368250667901614,2
86,31,Other,61849,24,6,0.0,Home & Garden,120.8,,-0.7789814552336846,0
87,59,Male,47990,3,10,0.0,Home & Garden,755.92,,-1.1840536825535517,0
88,31,Male,55100,20,7,0.0,Sports,59.84,,-0.9762418969814141,0
89,18,Other,105470,8,7,0.0,Clothing,746.18,,0.49597746156550165,2
90,45,Other,63381,80,4,0.0,Home & Garden,754.24,,-0.7342040072032324,3
91,32,Other,92089,16,1,0.0,Home & Garden,209.86,,0.10487626568072342,3
92,39,Other,104031,67,6,0.0,Home & Garden,930.36,,0.45391822676405214,2
93,65,Male,62792,83,8,0.0,Electronics,230.58,,-0.7514193576535825,3
94,46,Other,113116,7,10,0.0,Clothing,190.55,,0.7194555083284502,2
95,30,Other,75926,97,10,0.0,Sports,670.87,,-0.3675375022802414,3
96,23,Male,108480,46,10,0.0,Clothing,377.31,,0.5839540402676302,2
97,63,Other,102834,31,7,0.0,Electronics,582.57,,0.4189321919778568,2
98,49,Male,46695,99,9,0.0,Clothing,674.7,,-1.2219040710649327,0
99,21,Other,105024,45,3,0.0,Sports,795.84,,0.4829417293059836,2
100,26,Female,59496,58,2,0.0,Clothing,23.33,,-0.8477551727373751,0
101,40,Female,115569,1,2,0.0,Groceries,241.91,,0.7911520357557995,2
102,18,Male,49346,70,7,0.0,Groceries,127.14,,-1.144420379988739,0
103,19,Male,75430,50,7,0.0,Clothing,532.51,,-0.38203463950158884,3
104,60,Female,142407,4,2,0.0,Sports,29.58,,1.5755757630673366,1
105,20,Other,34982,7,2,0.0,Clothing,597.15,,-1.5642527974230829,0
106,55,Female,147187,37,7,0.0,Electronics,941.67,,1.7152860774182253,1
107,19,Other,37993,59,6,0.0,Sports,873.8,,-1.4762469906217177,0
108,65,Male,81753,72,9,0.0,Home & Garden,633.63,,-0.19722536802864568,3
109,57,Female,81695,90,8,0.0,Electronics,179.8,,-0.19892059778436774,3
110,56,Female,40676,86,7,0.0,Home & Garden,627.65,,-1.3978280003699532,0
111,37,Male,111242,33,5,0.0,Sports,756.32,,0.6646820503590851,2
112,64,Male,87006,85,7,0.0,Clothing,930.73,,-0.04369016273885118,3
113,58,Male,82856,33,7,0.0,Groceries,450.72,,-0.16498677457068958,3
114,32,Male,35514,4,5,0.0,Sports,415.44,,-1.5487034486292182,0
115,64,Male,87595,11,5,0.0,Electronics,69.78,,-0.026474812288501102,3
116,59,Male,125014,89,7,0.0,Home & Garden,451.82,,1.067211433045369,1
117,62,Male,128322,44,4,0.0,Electronics,668.91,,1.1638979853200007,1
118,62,Male,48693,36,9,0.0,Home & Garden,755.67,,-1.1635063287902307,0
119,33,Male,113154,75,8,0.0,Groceries,895.58,,0.7205661760994405,2
120,68,Female,78309,12,2,0.0,Clothing,848.14,,-0.29788694179945324,3
121,47,Female,112072,50,5,0.0,Groceries,884.19,,0.6889413727254527,2
122,43,Male,42855,66,6,0.0,Electronics,138.51,,-1.3341399721334288,0
123,26,Other,55515,29,9,0.0,Sports,50.57,,-0.9641122357982302,0
124,30,Male,51454,94,8,0.0,Home & Garden,553.35,,-1.0828075467980123,0
125,66,Other,69362,58,1,0.0,Clothing,960.08,,-0.5593907456692022,3
126,26,Female,69795,60,9,0.0,Electronics,389.37,,-0.5467349786997598,3
127,58,Male,32860,90,5,0.0,Sports,405.05,,-1.6262748240031215,0
128,40,Other,81037,70,10,0.0,Electronics,370.75,,-0.21815268708204236,3
129,67,Other,40385,64,1,0.0,Sports,957.06,,-1.4063333772478002,0
130,61,Female,131607,25,7,0.0,Clothing,714.15,,1.259912291312191,1
131,51,Male,42337,70,9,0.0,Sports,914.97,,-1.3492801275379813,0
132,67,Female,116124,78,10,0.0,Home & Garden,11.29,,0.8073736308321056,2
133,25,Other,94016,85,8,0.0,Groceries,764.28,,0.16119881290962768,2
134,26,Male,62131,91,6,0.0,Sports,70.56,,-0.7707391312489669,0
135,29,Female,100290,85,8,0.0,Clothing,480.87,,0.3445759075199781,2
136,31,Male,145261,25,10,0.0,Sports,378.4,,1.6589927582885575,1
137,48,Male,81763,49,6,0.0,Sports,179.25,,-0.1969330870362798,3
138,67,Female,120561,66,2,0.0,Clothing,798.2,,0.9370587071448446,2
139,18,Female,99638,33,8,0.0,Groceries,316.27,,0.32551918681772296,2
140,18,Female,78097,84,3,0.0,Clothing,453.34,,-0.3040832988376098,3
141,23,Other,67237,85,9,0.0,Electronics,673.02,,-0.6215004565469507,3
142,37,Male,61695,13,5,0.0,Home & Garden,18.49,,-0.7834825825161191,0
143,55,Other,101084,73,9,0.0,Groceries,624.81,,0.3677830183138286,2
144,41,Female,82613,49,3,0.0,Home & Garden,421.24,,-0.17208920268518035,3
145,44,Other,122987,29,10,0.0,Electronics,898.68,,1.0079660758928062,1
146,58,Other,90389,17,5,0.0,Electronics,855.21,,0.05518849697852456,3
147,69,Male,90929,2,10,0.0,Electronics,518.7,,0.07097167056628184,3
148,47,Female,104517,91,2,0.0,Home & Garden,979.41,,0.46812308299303373,2
149,34,Other,79949,89,3,0.0,Groceries,273.34,,-0.24995285905144965,3
150,54,Male,100745,29,6,0.0,Clothing,335.15,,0.3578746926726254,2
151,55,Other,138064,86,5,0.0,Electronics,368.75,,1.4486381280828369,1
152,45,Female,79721,20,1,0.0,Home & Garden,215.41,,-0.2566168656773916,3
153,43,Male,33030,61,8,0.0,Groceries,711.04,,-1.6213060471329017,0
154,30,Other,78653,43,4,0.0,Electronics,933.73,,-0.28783247566206716,3
155,53,Other,146312,58,2,0.0,Electronics,880.78,,1.6897114905862112,1
156,24,Female,103766,77,4,0.0,Home & Garden,663.21,,0.44617278046635644,2
157,69,Female,51990,59,2,0.0,Clothing,762.41,,-1.0671412856072013,0
158,61,Other,46738,36,3,0.0,Groceries,393.6,,-1.2206472627977594,0
159,58,Other,107818,70,5,0.0,Home & Garden,722.18,,0.5646050385730093,2
160,36,Other,83511,28,5,0.0,Home & Garden,367.97,,-0.14584236957072472,3
161,69,Female,117782,18,1,0.0,Sports,762.55,,0.8558338193663678,2
162,64,Other,122472,75,1,0.0,Sports,771.33,,0.9929136047859635,1
163,45,Male,76259,72,5,0.0,Sports,228.88,,-0.35780454523445776,3
164,60,Other,98771,37,8,0.0,Sports,520.37,,0.30017842477960155,2
165,64,Other,96494,10,4,0.0,Home & Garden,184.45,,0.23362604281789165,2
166,41,Female,48155,19,10,0.0,Groceries,566.65,,-1.1792310461795148,0
167,18,Other,46707,61,10,0.0,Clothing,18.6,,-1.2215533338740936,0
168,36,Other,87275,82,9,0.0,Clothing,14.52,,-0.03582780404420913,3
169,51,Female,58930,95,5,0.0,Sports,115.09,,-0.8642982769052837,0
170,37,Male,33987,60,8,0.0,Groceries,975.1,,-1.5933347561634874,0
171,21,Male,140801,13,3,0.0,Home & Garden,82.88,,1.528635435693377,1
172,19,Male,98446,25,4,0.0,Groceries,696.59,,0.2906792925277106,2
173,56,Female,111754,96,8,0.0,Home & Garden,631.06,,0.6796468371682179,2
174,47,Other,66932,89,5,0.0,Home & Garden,861.66,,-0.63041502681411,3
175,33,Female,81766,86,1,0.0,Sports,160.11,,-0.19684540273857004,3
176,34,Male,79572,62,2,0.0,Sports,843.15,,-0.26097185246364313,3
177,65,Other,123680,30,2,0.0,Electronics,218.74,,1.0282211486637614,1
178,67,Female,130300,75,5,0.0,Electronics,94.32,,1.2217111656099708,1
179,45,Female,102050,57,8,0.0,Groceries,263.93,,0.3960173621763722,2
180,48,Male,121325,30,3,0.0,Home & Garden,624.36,,0.9593889749615976,2
181,49,Male,76202,83,3,0.0,Groceries,208.79,,-0.35947054689094327,3
182,40,Male,136323,36,6,0.0,Electronics,625.28,,1.3977520073119378,1
183,43,Female,32512,95,4,0.0,Home & Garden,223.39,,-1.636446202537454,0
184,27,Male,63313,8,10,0.0,Groceries,35.01,,-0.7361915179513204,3
185,41,Female,104337,91,6,0.0,Home & Garden,401.63,,0.46286202513044794,2
186,40,Other,124138,84,10,0.0,Groceries,426.62,,1.0416076181141183,1
187,35,Male,137307,32,6,0.0,Electronics,111.27,,1.4265124569607401,1
188,55,Male,77060,14,2,0.0,Sports,286.79,,-0.33439283774595113,3
189,45,Male,108335,62,1,0.0,Electronics,940.93,,0.5797159658783251,2
190,41,Other,59408,68,1,0.0,Electronics,504.16,,-0.8503272454701949,0
191,35,Male,100208,80,2,0.0,Electronics,23.73,,0.3421792033825779,2
192,63,Other,109506,48,10,0.0,Electronics,26.85,,0.6139420700843691,2
193,69,Female,39509,10,6,0.0,Groceries,377.66,,-1.431937192179051,0
194,69,Male,74519,95,10,0.0,Clothing,931.51,,-0.40866143790612014,3
195,67,Other,31806,79,8,0.0,Electronics,261.07,,-1.657081240598485,0
196,48,Male,108550,5,6,0.0,Home & Garden,410.05,,0.5860000072141913,2
197,34,Female,56125,66,10,0.0,Home & Garden,610.66,,-0.9462830952639119,0
198,39,Male,116566,76,9,0.0,Groceries,32.38,,0.8202924506946773,2
199,45,Female,82014,30,10,0.0,Groceries,81.91,,-0.18959683412789632,3
200,63,Female,113240,47,9,0.0,Clothing,279.96,,0.7230797926337871,2
201,45,Male,111788,28,9,0.0,Groceries,628.43,,0.680640592542262,2
202,25,Male,30570,16,8,0.0,Sports,971.09,,-1.693207171254907,0
203,66,Other,106631,41,6,0.0,Home & Garden,354.46,,0.5299112847791798,2
204,49,Male,100258,53,6,0.0,Home & Garden,436.43,,0.34364060834440724,2
205,27,Male,132541,78,8,0.0,Electronics,825.01,,1.2872113359991637,1
206,34,Male,97962,18,3,0.0,Electronics,947.73,,0.2765328924972022,2
207,58,Male,48714,75,10,0.0,Sports,324.91,,-1.1628925387062623,0
208,59,Female,70050,62,3,0.0,Clothing,49.53,,-0.5392818133944299,3
209,60,Female,124416,24,5,0.0,Home & Garden,544.04,,1.0497330297018896,1
210,47,Other,93783,24,10,0.0,Electronics,406.56,,0.15438866578750277,2
211,40,Female,83445,89,7,0.0,Clothing,356.35,,-0.1477714241203395,3
212,18,Other,54421,20,1,0.0,Home & Garden,215.95,,-0.996087776363057,0
213,47,Female,121498,29,9,0.0,Sports,706.37,,0.9644454361295272,2
214,33,Male,84883,43,2,0.0,Home & Garden,956.03,,-0.10574141741812658,3
215,69,Other,127086,93,4,0.0,Electronics,339.9,,1.1277720546635785,1
216,26,Other,133538,27,5,0.0,Electronics,761.08,,1.3163517509380416,1
217,46,Female,82034,19,2,0.0,Sports,635.93,,-0.18901227214316457,3
218,55,Female,147024,24,9,0.0,Electronics,169.79,,1.7105218972426615,1
219,57,Male,33009,82,9,0.0,Clothing,563.64,,-1.62191983721687,0
220,69,Male,142216,90,7,0.0,Electronics,559.73,,1.5699931961131484,1
221,62,Male,82623,51,8,0.0,Clothing,155.14,,-0.1717969216928145,3
222,67,Other,64134,3,2,0.0,Clothing,868.18,,-0.712195248478082,3
223,53,Female,146546,12,6,0.0,Sports,915.02,,1.6965508658075725,1
224,51,Female,33665,12,2,0.0,Groceries,139.07,,-1.6027462041176685,0
225,54,Female,92156,18,7,0.0,Electronics,238.87,,0.10683454832957479,3
226,19,Female,51355,48,8,0.0,Home & Garden,278.21,,-1.0857011286224345,0
227,65,Male,89274,71,10,0.0,Electronics,840.45,,0.02259916632972942,3
228,53,Male,57651,27,7,0.0,Home & Garden,345.62,,-0.9016810158288792,0
229,19,Other,52470,90,5,0.0,Groceries,515.99,,-1.0531117979736393,0
230,56,Male,31154,40,4,0.0,Electronics,197.54,,-1.6761379613007399,0
231,24,Female,147572,44,7,0.0,Electronics,204.27,,1.7265388956243115,1
232,66,Male,144573,41,7,0.0,Groceries,66.6,,1.6388838260137852,1
233,41,Female,88312,22,6,0.0,Groceries,212.53,,-0.0055182651358678175,3
234,29,Female,96066,45,7,0.0,Sports,479.36,,0.22111641634463217,2
235,19,Female,41542,21,1,0.0,Groceries,132.88,,-1.3725164664310683,0
236,42,Other,66495,79,9,0.0,Sports,537.66,,-0.6431877061804988,3
237,62,Other,52480,22,3,0.0,Electronics,821.42,,-1.0528195169812735,0
238,64,Other,148368,19,4,0.0,Groceries,949.32,,1.7498044626166351,1
239,64,Female,124599,41,9,0.0,Groceries,924.18,,1.0550817718621852,1
240,44,Female,121975,33,6,0.0,Groceries,640.96,,0.9783872394653794,1
241,41,Female,41748,50,8,0.0,Sports,35.16,,-1.3664954779883314,0
242,31,Female,125501,74,3,0.0,Electronics,947.76,,1.0814455173735873,1
243,25,Other,109583,6,4,0.0,Electronics,923.64,,0.6161926337255863,2
244,47,Female,108356,84,6,0.0,Home & Garden,911.0,,0.5803297559622934,2
245,28,Other,134414,19,5,0.0,Home & Garden,922.01,,1.341955565869292,1
246,44,Male,83880,31,6,0.0,Electronics,464.42,,-0.1350572009524239,3
247,54,Other,48896,28,9,0.0,Sports,244.79,,-1.1575730246452034,0
248,28,Other,48383,57,8,0.0,Sports,17.97,,-1.1725670395535728,0
249,54,Female,134743,98,9,0.0,Sports,894.21,,1.3515716105181295,1
250,47,Male,91491,52,5,0.0,Home & Garden,21.43,,0.08739786233724406,3
251,43,Male,89688,27,10,0.0,Electronics,223.64,,0.034699599413676674,3
252,25,Other,105185,70,2,0.0,Groceries,556.23,,0.4876474532830742,2
253,49,Other,129014,25,7,0.0,Groceries,271.52,,1.1841238299917194,1
254,66,Other,112847,98,9,0.0,Home & Garden,827.44,,0.7115931496338082,2
255,27,Other,139589,69,8,0.0,Clothing,150.58,,1.4932109794186328,1
256,46,Other,38785,55,9,0.0,Clothing,486.25,,-1.4530983360263403,0
257,26,Male,134203,19,3,0.0,Sports,935.64,,1.3357884369303723,1
258,37,Other,86856,74,3,0.0,Electronics,624.29,,-0.04807437762433932,3
259,68,Male,49725,59,2,0.0,Groceries,12.36,,-1.1333429303780722,0
260,39,Female,56381,82,6,0.0,Sports,759.6,,-0.9388007018593454,0
261,39,Other,117432,96,7,0.0,Sports,25.44,,0.8456039846335621,2
262,60,Other,45827,18,2,0.0,Electronics,599.66,,-1.2472740612022906,0
263,64,Other,115366,68,9,0.0,Electronics,934.88,,0.7852187316107723,2
264,57,Female,31451,75,3,0.0,Electronics,611.79,,-1.6674572158274734,0
265,63,Male,142287,77,10,0.0,Clothing,785.29,,1.5720683911589461,1
266,53,Other,84616,68,10,0.0,Home & Garden,543.31,,-0.11354531991429546,3
267,57,Female,114972,42,9,0.0,Home & Garden,999.74,,0.7737028605115567,2
268,23,Other,101024,29,3,0.0,Groceries,484.85,,0.3660293323596333,2
269,33,Female,118116,100,9,0.0,Sports,21.9,,0.8655960045113881,2
270,28,Female,49020,75,9,0.0,Electronics,109.03,,-1.1539487403398665,0
271,69,Male,47458,14,2,0.0,Groceries,874.32,,-1.1996030313474162,0
272,52,Female,104033,6,5,0.0,Clothing,192.31,,0.4539766829625253,2
273,47,Other,84117,74,9,0.0,Home & Garden,886.08,,-0.12813014143335266,3
274,60,Other,107232,68,4,0.0,Clothing,730.8,,0.547477372420369,2
275,22,Other,128623,88,5,0.0,Clothing,609.57,,1.1726956431902136,1
276,39,Female,39931,43,1,0.0,Groceries,261.36,,-1.4196029343012109,0
277,53,Other,94392,38,5,0.0,Clothing,997.24,,0.1721885782225846,2
278,63,Male,48225,24,6,0.0,Clothing,764.05,,-1.1771850792329537,0
279,47,Other,95656,63,2,0.0,Electronics,634.19,,0.20913289565763127,2
280,53,Female,61826,96,1,0.0,Clothing,577.0,,-0.7796537015161261,0
281,61,Other,47689,46,4,0.0,Home & Garden,802.44,,-1.1928513404237646,0
282,34,Male,68250,9,10,0.0,Clothing,835.06,,-0.5918923920202875,3
283,33,Male,113187,27,9,0.0,Electronics,886.3,,0.721530703374248,2
284,43,Male,77006,27,3,0.0,Electronics,223.98,,-0.33597115510472686,3
285,63,Female,121652,20,1,0.0,Sports,169.58,,0.9689465634119616,2
286,51,Male,124670,66,2,0.0,Clothing,184.8,,1.057156966907983,1
287,31,Male,119460,69,2,0.0,Clothing,486.21,,0.9048785698853617,2
288,56,Male,117922,69,2,0.0,Home & Garden,98.83,,0.85992575325949,2
289,38,Male,84577,70,7,0.0,Sports,631.28,,-0.11468521578452238,3
290,43,Male,64136,61,1,0.0,Electronics,680.92,,-0.7121367922796088,3
291,45,Female,57845,32,6,0.0,Clothing,934.34,,-0.8960107645769813,0
292,62,Other,38250,63,5,0.0,Home & Garden,723.93,,-1.4687353691179146,0
293,45,Other,54819,72,3,0.0,Sports,553.44,,-0.9844549928668952,0
294,47,Other,89077,43,1,0.0,Clothing,547.85,,0.01684123078012167,3
295,18,Other,135713,79,7,0.0,Electronics,871.12,,1.3799228667776196,1
296,56,Other,129611,23,3,0.0,Sports,98.85,,1.201573005235962,1
297,40,Male,97995,47,4,0.0,Sports,101.35,,0.2774974197720096,2
298,39,Male,132488,40,5,0.0,Sports,82.16,,1.2856622467396246,1
299,59,Male,36383,5,6,0.0,Groceries,82.77,,-1.5233042303926236,0
300,55,Other,144624,38,2,0.0,Groceries,652.26,,1.6403744590748512,1
301,52,Female,106147,2,6,0.0,Groceries,412.65,,0.5157648847486714,2
302,50,Other,130668,39,5,0.0,Home & Garden,69.81,,1.232467106129035,1
303,59,Female,57745,33,7,0.0,Electronics,492.87,,-0.8989335745006399,0
304,50,Female,78296,93,9,0.0,Electronics,559.16,,-0.2982669070895289,3
305,32,Male,39407,50,6,0.0,Sports,844.22,,-1.4349184583011827,0
306,48,Male,39407,82,5,0.0,Sports,463.07,,-1.4349184583011827,0
307,26,Other,135530,81,2,0.0,Home & Garden,126.35,,1.374574124617324,1
308,54,Female,76995,14,3,0.0,Electronics,685.09,,-0.3362926641963293,3
309,64,Female,96182,44,4,0.0,Groceries,509.31,,0.22450687585607634,2
310,50,Male,100320,45,7,0.0,Sports,139.39,,0.3454527504970757,2
311,53,Male,138922,45,5,0.0,Electronics,154.06,,1.473715837227829,1
312,30,Male,143200,38,8,0.0,Sports,684.43,,1.5987536457619507,1
313,69,Other,35218,47,4,0.0,Electronics,315.49,,-1.5573549660032482,0
314,44,Male,141748,55,2,0.0,Groceries,897.57,,1.5563144456704254,1
315,68,Female,62971,27,8,0.0,Electronics,85.45,,-0.7461875278902333,3
316,20,Female,57260,47,2,0.0,Electronics,506.7,,-0.913109202630385,0
317,18,Other,92363,84,1,0.0,Electronics,539.74,,0.11288476487154842,3
318,23,Other,84664,45,5,0.0,Electronics,592.72,,-0.11214237115093927,3
319,61,Other,47790,67,9,0.0,Home & Garden,714.29,,-1.1898993024008693,0
320,34,Male,31668,43,5,0.0,Clothing,117.01,,-1.661114718293134,0
321,43,Female,78858,4,3,0.0,Sports,261.19,,-0.2818407153185667,3
322,46,Other,126553,16,2,0.0,Home & Garden,85.56,,1.1121934777704774,1
323,55,Other,80006,44,2,0.0,Clothing,727.51,,-0.24828685739496414,3
324,30,Male,119162,15,9,0.0,Home & Garden,937.85,,0.8961685963128586,2
325,41,Other,71410,69,1,0.0,Home & Garden,456.67,,-0.49953159843267086,3
326,59,Other,49020,100,2,0.0,Groceries,588.18,,-1.1539487403398665,0
327,50,Male,36022,11,6,0.0,Clothing,801.59,,-1.5338555742170317,0
328,41,Female,64634,55,9,0.0,Groceries,488.07,,-0.6975811988597882,3
329,68,Other,76921,79,1,0.0,Groceries,122.02,,-0.3384555435398368,3
330,28,Male,51087,60,4,0.0,Groceries,68.31,,-1.09353425921784,0
331,30,Male,90651,88,9,0.0,Groceries,555.41,,0.0628462589785105,3
332,38,Other,50518,70,1,0.0,Sports,816.09,,-1.1101650476834584,0
333,21,Other,126598,14,3,0.0,Sports,505.98,,1.1135087422361238,1
334,58,Other,99475,27,9,0.0,Groceries,249.39,,0.32075500664215917,2
335,60,Male,145308,83,3,0.0,Groceries,53.26,,1.660366478952677,1
336,40,Other,107488,96,7,0.0,Groceries,843.6,,0.5549597658249353,2
337,58,Male,60768,88,2,0.0,Groceries,67.52,,-0.8105770305084358,0
338,42,Other,115381,70,7,0.0,Home & Garden,592.52,,0.785657153099321,2
339,28,Female,111697,92,9,0.0,Sports,205.58,,0.6779808355117325,2
340,48,Other,30374,28,7,0.0,Groceries,463.78,,-1.6989358787052782,0
341,31,Other,35406,45,10,0.0,Electronics,637.02,,-1.5518600833467697,0
342,69,Female,71688,69,4,0.0,Clothing,532.23,,-0.4914061868448995,3
343,32,Male,48445,91,8,0.0,Home & Garden,265.17,,-1.1707548974009043,0
344,41,Male,136928,42,5,0.0,Home & Garden,239.72,,1.4154350073500734,1
345,33,Male,112118,27,10,0.0,Clothing,535.28,,0.6902858652903358,2
346,62,Female,114587,14,7,0.0,Electronics,26.72,,0.7624500423054705,2
347,38,Female,42378,36,5,0.0,Sports,279.77,,-1.348081775469281,0
348,39,Female,136141,58,6,0.0,Home & Garden,211.56,,1.392432493250879,1
349,44,Male,32030,38,2,0.0,Sports,912.15,,-1.6505341463694894,0
350,56,Female,148694,44,7,0.0,Electronics,326.5,,1.7593328229677627,1
351,68,Other,122661,16,4,0.0,Groceries,85.44,,0.9984377155416785,1
352,47,Female,54571,57,4,0.0,Electronics,138.3,,-0.9917035614775689,0
353,61,Other,120516,100,10,0.0,Home & Garden,475.52,,0.9357434426791982,2
354,63,Other,37003,57,4,0.0,Sports,857.68,,-1.5051828088659394,0
355,38,Other,81837,68,5,0.0,Sports,349.35,,-0.1947702076927723,3
356,32,Other,94627,88,9,0.0,Clothing,703.94,,0.17905718154318268,2
357,49,Other,103191,34,5,0.0,Clothing,253.63,,0.4293666234053186,2
358,57,Male,137205,18,1,0.0,Electronics,862.12,,1.4235311908386081,1
359,50,Male,85888,19,2,0.0,Groceries,910.52,,-0.07636717768535609,3
360,38,Male,40590,91,7,0.0,Electronics,617.64,,-1.4003416169042997,0
361,28,Female,130938,98,5,0.0,Electronics,612.09,,1.2403586929229138,1
362,21,Male,107934,32,5,0.0,Home & Garden,533.18,,0.5679954980844534,2
363,26,Other,149741,51,4,0.0,Home & Garden,685.36,,1.78993464286847,1
364,63,Other,145117,66,7,0.0,Sports,971.02,,1.6547839119984888,1
365,21,Other,90000,42,4,0.0,Home & Garden,278.15,,0.043818766375491994,3
366,19,Other,105019,84,8,0.0,Clothing,735.3,,0.48279558880980067,2
367,65,Female,65576,91,5,0.0,Clothing,782.55,,-0.6700483293789228,3
368,53,Female,130474,74,10,0.0,Home & Garden,217.92,,1.226796854877137,1
369,63,Other,77411,20,2,0.0,Sports,648.38,,-0.3241337749139089,3
370,23,Female,30751,99,9,0.0,Electronics,696.9,,-1.6879168852930848,0
371,20,Male,87520,93,4,0.0,Groceries,459.87,,-0.02866691973124517,3
372,39,Female,53805,71,5,0.0,Sports,372.03,,-1.014092285492795,0
373,30,Other,80320,91,1,0.0,Electronics,930.97,,-0.23910923423467564,3
374,64,Other,84380,69,10,0.0,Sports,212.08,,-0.12044315133413014,3
375,33,Female,58367,11,4,0.0,Groceries,826.87,,-0.8807536967754825,0
376,25,Female,56110,36,5,0.0,Electronics,389.97,,-0.9467215167524606,0
377,46,Male,123037,100,1,0.0,Home & Garden,617.74,,1.0094274808546355,1
378,45,Female,110174,87,5,0.0,Home & Garden,388.15,,0.6334664403744096,2
379,41,Female,30074,95,8,0.0,Clothing,78.82,,-1.7077043084762547,0
380,59,Other,140349,75,2,0.0,Sports,383.64,,1.5154243348384393,1
381,67,Female,104036,56,10,0.0,Sports,998.98,,0.4540643672602351,2
382,68,Other,93926,45,5,0.0,Electronics,19.14,,0.15856828397833478,2
383,65,Male,124796,4,5,0.0,Sports,247.96,,1.060839707411793,1
384,46,Male,120914,1,1,0.0,Home & Garden,329.9,,0.94737622617536,2
385,38,Male,78829,73,7,0.0,Sports,665.25,,-0.2826883301964277,3
386,69,Male,105810,57,6,0.0,Groceries,985.94,,0.5059150153059414,2
387,51,Female,105658,49,9,0.0,Electronics,785.55,,0.5014723442219802,2
388,25,Female,100053,6,5,0.0,Electronics,832.57,,0.33764884800090683,2
389,34,Other,118622,99,4,0.0,Sports,122.21,,0.8803854227251013,2
390,37,Male,65343,89,3,0.0,Electronics,668.23,,-0.6768584765010477,3
391,67,Female,101759,57,3,0.0,Sports,670.51,,0.3875119852985252,2
392,28,Male,59278,60,2,0.0,Home & Garden,362.41,,-0.8541268983709512,0
393,55,Female,127542,79,8,0.0,Clothing,632.6,,1.1411000679154624,1
394,69,Female,74331,83,9,0.0,Clothing,341.63,,-0.4141563205625986,3
395,69,Female,119075,40,8,0.0,Home & Garden,866.72,,0.8936257516792755,2
396,54,Other,87418,21,2,0.0,Groceries,846.76,,-0.0316481858533771,3
397,23,Other,37713,11,8,0.0,Electronics,481.24,,-1.4844308584079622,0
398,48,Male,36282,14,10,0.0,Sports,210.43,,-1.526256268415519,0
399,19,Female,69790,3,9,0.0,Groceries,596.63,,-0.5468811191959427,3
400,41,Female,147962,90,2,0.0,Clothing,688.61,,1.7379378543265807,1
401,32,Other,86268,96,3,0.0,Electronics,643.36,,-0.0652604999754528,3
402,63,Male,149062,66,9,0.0,Clothing,441.11,,1.770088763486827,1
403,40,Other,127948,29,6,0.0,Groceries,144.78,,1.152966676205517,1
404,36,Male,30121,39,10,0.0,Groceries,233.08,,-1.7063305878121349,0
405,21,Male,42889,12,2,0.0,Home & Garden,789.92,,-1.3331462167593848,0
406,29,Other,141369,42,10,0.0,Home & Garden,862.54,,1.5452369960597587,1
407,24,Other,119844,78,4,0.0,Groceries,572.31,,0.9161021599922113,2
408,40,Other,135305,54,8,0.0,Clothing,831.6,,1.3679978022890917,1
409,63,Female,70967,59,6,0.0,Home & Garden,954.05,,-0.5124796463944792,3
410,20,Female,98213,12,5,0.0,Home & Garden,902.24,,0.28386914540558567,2
411,43,Female,89856,96,3,0.0,Clothing,114.47,,0.039609920085423383,3
412,61,Other,80988,34,8,0.0,Clothing,937.86,,-0.21958486394463517,3
413,19,Female,105731,9,7,0.0,Home & Garden,421.08,,0.5036059954662511,2
414,69,Female,117737,6,4,0.0,Groceries,877.51,,0.8545185549007214,2
415,57,Male,52164,53,3,0.0,Groceries,710.84,,-1.062055596340035,0
416,38,Other,51327,62,5,0.0,Sports,645.43,,-1.086519515401059,0
417,52,Other,101105,11,9,0.0,Home & Garden,714.72,,0.3683968083977969,2
418,51,Female,97565,48,10,0.0,Clothing,656.9,,0.26492933710027694,2
419,64,Other,71594,40,4,0.0,Clothing,487.73,,-0.49415362817313874,3
420,46,Male,60671,57,5,0.0,Home & Garden,817.69,,-0.8134121561343848,0
421,46,Female,90871,56,4,0.0,Clothing,592.97,,0.06927644081055977,3
422,56,Other,36843,46,7,0.0,Home & Garden,22.15,,-1.5098593047437934,0
423,62,Female,96260,30,6,0.0,Electronics,159.13,,0.22678666759653016,2
424,56,Male,134502,46,5,0.0,Groceries,394.49,,1.3445276386021119,1
425,41,Male,67039,100,1,0.0,Electronics,178.68,,-0.6272876201957951,3
426,40,Other,142251,90,10,0.0,Electronics,866.52,,1.571016179586429,1
427,47,Female,49336,11,10,0.0,Sports,877.17,,-1.144712660981105,0
428,54,Other,90780,24,3,0.0,Groceries,824.65,,0.0666166837800303,3
429,20,Male,49308,29,6,0.0,Electronics,351.64,,-1.1455310477597294,0
430,64,Other,124369,74,2,0.0,Home & Garden,275.4,,1.04835930903777,1
431,40,Male,99618,80,4,0.0,Groceries,15.04,,0.32493462483299124,2
432,29,Female,133291,52,4,0.0,Clothing,916.28,,1.3091324104266044,1
433,44,Female,100832,90,8,0.0,Electronics,769.0,,0.3604175373062085,2
434,57,Male,60668,66,6,0.0,Electronics,984.6,,-0.8134998404320946,0
435,32,Female,69782,76,1,0.0,Home & Garden,803.28,,-0.5471149439898354,3
436,52,Other,136827,87,5,0.0,Sports,322.29,,1.412482969327178,1
437,48,Other,51565,44,5,0.0,Groceries,552.48,,-1.0795632277827512,0
438,47,Female,95033,25,3,0.0,Electronics,273.38,,0.1909237898332372,2
439,63,Female,118402,74,3,0.0,Sports,828.04,,0.8739552408930521,2
440,23,Female,130546,71,9,0.0,Sports,799.33,,1.2289012780221715,1
441,46,Male,68970,50,9,0.0,Clothing,392.35,,-0.5708481605699446,3
442,26,Female,84460,45,1,0.0,Clothing,219.67,,-0.11810490339520313,3
443,47,Other,138199,79,10,0.0,Electronics,171.38,,1.4525839214797762,1
444,62,Other,59481,30,4,0.0,Clothing,121.0,,-0.848193594225924,0
445,62,Female,75974,68,4,0.0,Groceries,180.09,,-0.36613455351688523,3
446,53,Male,56570,29,7,0.0,Electronics,432.65,,-0.9332765911036304,0
447,27,Other,68689,83,8,0.0,Groceries,782.58,,-0.5790612564554256,3
448,31,Female,46106,72,7,0.0,Sports,59.82,,-1.2391194215152828,0
449,50,Male,46524,1,4,0.0,Home & Garden,371.62,,-1.2269020760343892,0
450,48,Male,60382,13,3,0.0,Electronics,694.59,,-0.8218590768137586,0
451,24,Other,147555,65,4,0.0,Groceries,434.84,,1.7260420179372895,1
452,45,Female,93800,33,10,0.0,Sports,391.45,,0.15488554347452474,2
453,30,Male,35565,83,8,0.0,Electronics,238.79,,-1.5472128155681522,0
454,27,Male,143992,31,2,0.0,Home & Garden,994.1,,1.6219023003573279,1
455,28,Other,126571,82,10,0.0,Electronics,26.12,,1.1127195835567358,1
456,61,Other,57851,46,3,0.0,Clothing,604.29,,-0.8958353959815617,0
457,30,Other,120083,47,1,0.0,Electronics,443.12,,0.9230876757097558,2
458,62,Male,32827,69,8,0.0,Groceries,468.37,,-1.627239351277929,0
459,30,Other,100399,96,2,0.0,Clothing,705.64,,0.3477617703367661,2
460,55,Female,105647,94,1,0.0,Sports,737.91,,0.5011508351303776,2
461,41,Male,141605,100,4,0.0,Home & Garden,693.02,,1.5521348274795934,1
462,57,Female,46563,86,4,0.0,Electronics,800.46,,-1.225762180164162,0
463,53,Male,37569,18,8,0.0,Clothing,634.92,,-1.4886397046980306,0
464,65,Female,138529,87,10,0.0,Sports,461.61,,1.46222919422785,1
465,54,Female,40858,48,6,0.0,Clothing,34.88,,-1.3925084863088941,0
466,69,Other,143640,14,8,0.0,Clothing,387.39,,1.6116140094260492,1
467,25,Male,99668,1,1,0.0,Groceries,937.86,,0.3263960297948206,2
468,54,Male,32276,73,2,0.0,Clothing,554.58,,-1.6433440339572887,0
469,32,Other,100736,84,10,0.0,Groceries,863.93,,0.3576116397794961,2
470,53,Other,139508,92,6,0.0,Clothing,172.99,,1.4908435033804692,1
471,32,Male,38683,59,10,0.0,Groceries,846.85,,-1.456079602148472,0
472,35,Other,42390,27,3,0.0,Electronics,781.31,,-1.347731038278442,0
473,53,Female,104435,42,4,0.0,Home & Garden,795.81,,0.4657263788556335,2
474,54,Female,111261,56,1,0.0,Groceries,216.09,,0.6652373842445802,2
475,36,Other,112674,12,7,0.0,Groceries,590.32,,0.7065366884658785,2
476,38,Male,144083,23,1,0.0,Groceries,158.15,,1.6245620573878574,1
477,42,Male,115342,19,4,0.0,Sports,13.69,,0.7845172572290942,2
478,48,Other,143424,24,3,0.0,Home & Garden,594.94,,1.6053007399909462,1
479,58,Female,137836,19,9,0.0,Electronics,172.39,,1.4419741214568949,1
480,19,Female,35529,62,4,0.0,Clothing,177.69,,-1.5482650271406693,0
481,54,Male,105641,17,9,0.0,Sports,173.81,,0.5009754665349582,2
482,65,Other,120542,52,3,0.0,Clothing,70.22,,0.9365033732593495,2
483,44,Female,43069,55,6,0.0,Groceries,501.34,,-1.327885158896799,0
484,40,Male,61052,44,4,0.0,Groceries,135.19,,-0.8022762503252449,0
485,65,Male,39113,85,9,0.0,Home & Garden,964.87,,-1.4435115194767396,0
486,66,Other,91672,71,5,0.0,Clothing,10.4,,0.09268814829906641,3
487,22,Female,104781,64,8,0.0,Home & Garden,151.48,,0.4758393011914928,2
488,47,Other,124597,67,9,0.0,Clothing,885.33,,1.055023315663712,1
489,26,Female,96845,19,1,0.0,Home & Garden,154.89,,0.2438851056499339,2
490,19,Female,113254,38,5,0.0,Clothing,633.5,,0.7234889860230993,2
491,22,Female,46900,70,1,0.0,Groceries,325.46,,-1.2159123107214322,0
492,39,Male,84725,100,8,0.0,Sports,906.07,,-0.11035945709750743,3
493,51,Female,120616,71,1,0.0,Clothing,542.03,,0.938666252602857,2
494,35,Male,141134,24,4,0.0,Sports,649.61,,1.5383683927391607,1
495,59,Male,140809,45,5,0.0,Sports,917.5,,1.5288692604872698,1
496,33,Female,65486,76,2,0.0,Sports,302.05,,-0.6726788583102157,3
497,56,Male,145254,48,6,0.0,Sports,422.32,,1.6587881615939015,1
498,54,Female,43308,56,5,0.0,Electronics,667.92,,-1.3208996431792548,0
499,25,Male,33065,61,7,0.0,Groceries,317.98,,-1.620283063659621,0
500,47,Male,69168,16,7,0.0,Clothing,638.96,,-0.5650609969211002,3
501,42,Male,129999,73,5,0.0,Clothing,942.97,,1.2129135077397581,1
502,61,Female,41730,2,9,0.0,Electronics,177.64,,-1.3670215837745898,0
503,22,Male,75626,52,7,0.0,Electronics,154.67,,-0.3763059320512177,3
504,18,Other,142641,40,7,0.0,Electronics,240.64,,1.5824151382886982,1
505,22,Male,53863,96,10,0.0,Electronics,491.64,,-1.012397055737073,0
506,66,Male,149505,79,4,0.0,Sports,334.95,,1.7830368114486352,1
507,58,Male,132215,91,8,0.0,Sports,275.71,,1.2776829756480361,1
508,48,Other,72108,85,8,0.0,Sports,486.58,,-0.47913038516553275,3
509,68,Other,113760,64,2,0.0,Sports,462.62,,0.7382784042368126,2
510,19,Male,111238,7,2,0.0,Sports,813.37,,0.6645651379621388,2
511,24,Other,109039,71,9,0.0,Sports,606.18,,0.6002925477408827,2
512,33,Male,132968,49,10,0.0,Sports,641.53,,1.2996917343731866,1
513,19,Male,82506,10,5,0.0,Sports,406.32,,-0.17521660930349522,3
514,69,Female,58668,40,2,0.0,Home & Garden,626.35,,-0.8719560389052696,0
515,28,Male,66961,8,10,0.0,Groceries,179.82,,-0.629567411936249,3
516,32,Other,137280,95,6,0.0,Electronics,31.72,,1.4257232982813521,1
517,18,Other,112021,9,3,0.0,Groceries,588.37,,0.6874507396643869,2
518,45,Female,110280,85,4,0.0,Groceries,944.07,,0.6365646188934878,2
519,45,Female,67753,64,4,0.0,Sports,926.69,,-0.6064187573408716,3
520,38,Male,54918,1,6,0.0,Electronics,979.26,,-0.9815614110424731,0
521,69,Other,78534,100,2,0.0,Home & Garden,75.03,,-0.29131061947122106,3
522,29,Female,51471,96,3,0.0,Home & Garden,668.21,,-1.0823106691109903,0
523,32,Female,58144,4,5,0.0,Electronics,923.37,,-0.8872715629052416,0
524,47,Other,100338,13,9,0.0,Electronics,48.65,,0.34597885628333425,2
525,33,Female,90232,19,2,0.0,Clothing,255.08,,0.05059968539838031,3
526,52,Male,133701,64,1,0.0,Clothing,534.25,,1.3211159311136054,1
527,62,Female,117704,37,3,0.0,Sports,112.11,,0.8535540276259139,2
528,23,Female,144577,75,1,0.0,Clothing,826.02,,1.6390007384107317,1
529,57,Male,139366,39,5,0.0,Sports,34.5,,1.4866931132888739,1
530,27,Male,106944,63,1,0.0,Sports,36.39,,0.5390596798402317,2
531,61,Male,92031,44,7,0.0,Sports,573.31,,0.10318103592500134,3
532,19,Male,146165,38,9,0.0,Home & Garden,819.92,,1.6854149599984327,1
533,36,Other,113794,74,1,0.0,Sports,377.75,,0.7392721596108566,2
534,28,Male,121073,44,3,0.0,Sports,482.35,,0.9520234939539775,2
535,46,Other,61090,3,4,0.0,Sports,213.68,,-0.8011655825542545,0
536,62,Female,74474,49,2,0.0,Sports,933.65,,-0.4099767023717666,3
537,48,Female,57932,70,9,0.0,Home & Garden,192.46,,-0.8934679199433981,0
538,39,Male,49970,53,5,0.0,Groceries,728.58,,-1.1261820460651084,0
539,27,Male,73823,11,8,0.0,Electronics,27.4,,-0.4290041949747851,3
540,36,Male,37595,88,8,0.0,Groceries,600.48,,-1.4878797741178795,0
541,33,Female,103063,16,3,0.0,Electronics,998.51,,0.4256254267030354,2
542,69,Other,86860,70,1,0.0,Clothing,812.25,,-0.04795746522739296,3
543,68,Female,40478,22,4,0.0,Groceries,954.91,,-1.4036151640187975,0
544,66,Female,126893,3,1,0.0,Clothing,199.17,,1.1221310315109172,1
545,23,Female,123168,80,4,0.0,Clothing,860.95,,1.0132563618546284,1
546,44,Other,112137,37,7,0.0,Groceries,769.16,,0.690841199175831,2
547,60,Other,108533,23,9,0.0,Electronics,506.98,,0.5855031295271694,2
548,22,Female,93861,42,6,0.0,Home & Garden,73.13,,0.15666845752795658,2
549,39,Male,30004,32,6,0.0,Sports,863.47,,-1.7097502754228158,0
550,53,Male,47499,85,2,0.0,Sports,338.69,,-1.1984046792787162,0
551,50,Male,43965,83,3,0.0,Electronics,83.38,,-1.3016967819808167,0
552,20,Male,51199,100,5,0.0,Clothing,889.83,,-1.0902607121033423,0
553,69,Male,51759,18,9,0.0,Sports,563.48,,-1.0738929765308531,0
554,61,Female,54256,78,3,0.0,Home & Garden,886.44,,-1.000910412737094,0
555,66,Other,53345,100,4,0.0,Sports,221.75,,-1.0275372111416252,0
556,25,Female,52403,53,1,0.0,Groceries,73.34,,-1.0550700806224909,0
557,45,Male,95367,83,5,0.0,Home & Garden,845.33,,0.20068597497825746,2
558,40,Male,62536,84,4,0.0,Sports,149.07,,-0.7589017510581489,0
559,33,Male,121639,17,7,0.0,Home & Garden,422.14,,0.9685665981218861,2
560,63,Male,82296,61,4,0.0,Home & Garden,390.89,,-0.18135451014317863,3
561,61,Other,137276,92,5,0.0,Groceries,482.77,,1.425606385884406,1
562,18,Male,143235,46,10,0.0,Groceries,143.75,,1.5997766292352311,1
563,23,Male,143899,10,3,0.0,Groceries,361.81,,1.6191840871283252,1
564,56,Other,134923,18,3,0.0,Electronics,515.16,,1.3568326683807153,1
565,68,Other,106635,85,10,0.0,Electronics,854.95,,0.5300281971761261,2
566,29,Male,60262,56,4,0.0,Clothing,452.32,,-0.825366448722149,0
567,22,Other,92601,75,7,0.0,Electronics,120.76,,0.11984105248985626,3
568,45,Female,41917,58,8,0.0,Home & Garden,870.38,,-1.361555929217348,0
569,29,Female,59815,43,6,0.0,Groceries,105.48,,-0.8384314090809037,0
570,18,Other,94701,69,8,0.0,Clothing,760.34,,0.18122006088669015,2
571,36,Female,31458,40,4,0.0,Electronics,371.77,,-1.6672526191328174,0
572,19,Male,134193,95,7,0.0,Electronics,97.65,,1.3354961559380063,1
573,40,Female,143338,6,8,0.0,Groceries,491.07,,1.6027871234565996,1
574,48,Other,93084,30,7,0.0,Clothing,480.55,,0.13395822442112806,3
575,49,Male,55027,62,2,0.0,Clothing,962.9,,-0.978375548225685,0
576,51,Female,149256,96,1,0.0,Electronics,266.83,,1.7757590147387248,1
577,32,Female,46610,92,5,0.0,Groceries,409.85,,-1.2243884595000425,0
578,64,Male,43175,59,10,0.0,Electronics,363.86,,-1.3247869803777208,0
579,21,Female,71227,17,10,0.0,Electronics,101.48,,-0.5048803405929664,3
580,51,Female,149744,99,1,0.0,Groceries,215.92,,1.7900223271661797,1
581,46,Male,129568,56,10,0.0,Clothing,766.26,,1.2003161969687888,1
582,19,Male,135968,50,4,0.0,Electronics,174.43,,1.3873760320829494,1
583,33,Male,38240,92,3,0.0,Home & Garden,626.82,,-1.4690276501102806,0
584,30,Male,114808,23,9,0.0,Clothing,74.08,,0.7689094522367563,2
585,51,Female,37310,6,5,0.0,Sports,706.18,,-1.4962097824003069,0
586,62,Other,147903,79,5,0.0,Electronics,203.15,,1.736213396471622,1
587,20,Other,61541,80,2,0.0,Groceries,48.5,,-0.7879837097985536,0
588,47,Other,55753,69,5,0.0,Home & Garden,772.89,,-0.9571559481799224,0
589,29,Other,80868,33,6,0.0,Clothing,865.65,,-0.22309223585302568,3
590,33,Male,93599,22,4,0.0,Sports,274.96,,0.14901069552797064,2
591,53,Male,108263,21,1,0.0,Electronics,734.48,,0.5776115427332907,2
592,22,Male,100730,4,5,0.0,Sports,459.58,,0.3574362711840766,2
593,62,Female,148501,41,9,0.0,Sports,980.47,,1.7536917998151011,1
594,29,Other,98150,42,9,0.0,Sports,324.11,,0.28202777515368066,2
595,28,Other,61870,100,6,0.0,Groceries,728.67,,-0.7783676651497162,0
596,46,Male,73370,2,4,0.0,Home & Garden,486.5,,-0.44224452392895924,3
597,50,Male,132598,57,7,0.0,Home & Garden,930.91,,1.2888773376556493,1
598,56,Other,55695,58,7,0.0,Electronics,435.76,,-0.9588511779356444,0
599,41,Other,69204,95,4,0.0,Clothing,936.04,,-0.564008785348583,3
600,52,Male,127010,76,8,0.0,Sports,13.46,,1.1255507191215979,1
601,53,Female,137854,33,10,0.0,Groceries,523.27,,1.4425002272431535,1
602,20,Male,145924,64,5,0.0,Electronics,495.49,,1.6783709880824151,1
603,33,Female,53219,33,4,0.0,Clothing,251.23,,-1.0312199516454352,0
604,47,Male,64592,25,4,0.0,Home & Garden,237.34,,-0.6988087790277249,3
605,18,Female,144275,69,9,0.0,Electronics,141.72,,1.630173852441282,1
606,39,Male,48641,45,3,0.0,Home & Garden,415.19,,-1.1650261899505332,0
607,30,Male,102200,88,5,0.0,Home & Garden,131.84,,0.4004015770618603,2
608,41,Other,67215,34,3,0.0,Home & Garden,460.25,,-0.6221434747301557,3
609,53,Other,96499,29,4,0.0,Electronics,744.11,,0.2337721833140746,2
610,23,Female,83912,28,6,0.0,Home & Garden,98.32,,-0.13412190177685313,3
611,42,Female,63444,72,4,0.0,Home & Garden,166.45,,-0.7323626369513274,3
612,33,Female,38271,39,10,0.0,Electronics,99.52,,-1.4681215790339464,0
613,60,Other,53295,73,3,0.0,Home & Garden,642.3,,-1.0289986161034546,0
614,64,Female,116106,5,1,0.0,Clothing,25.86,,0.806847525045847,2
615,69,Male,141965,98,5,0.0,Electronics,616.66,,1.562656943204765,1
616,43,Male,38012,55,3,0.0,Groceries,943.37,,-1.4756916567362224,0
617,29,Other,83172,51,8,0.0,Clothing,906.75,,-0.15575069521192791,3
618,53,Other,62024,13,2,0.0,Sports,66.6,,-0.7738665378672818,0
619,29,Other,88288,39,5,0.0,Groceries,803.87,,-0.0062197395175459195,3
620,53,Other,50215,92,6,0.0,Sports,814.52,,-1.1190211617521444,0
621,20,Male,122028,40,3,0.0,Electronics,777.44,,0.9799363287249186,1
622,33,Other,102269,26,8,0.0,Sports,356.67,,0.40241831590918486,2
623,30,Female,97829,99,4,0.0,Clothing,320.95,,0.2726455552987361,2
624,59,Other,66196,37,9,0.0,Clothing,483.66,,-0.6519269078522385,3
625,41,Male,36763,50,5,0.0,Home & Garden,490.62,,-1.5121975526827203,0
626,19,Male,138008,8,9,0.0,Groceries,116.8,,1.447001354525588,1
627,27,Female,96762,22,3,0.0,Electronics,551.43,,0.24145917341329712,2
628,39,Other,108744,63,2,0.0,Sports,411.86,,0.5916702584660893,2
629,65,Male,84223,83,7,0.0,Groceries,971.93,,-0.12503196291427437,3
630,64,Female,145746,76,2,0.0,Home & Garden,49.06,,1.6731683864183025,1
631,47,Female,108766,37,7,0.0,Groceries,640.55,,0.5923132766492942,2
632,29,Female,72125,41,5,0.0,Sports,507.62,,-0.47863350747851074,3
633,43,Female,97989,14,6,0.0,Electronics,886.61,,0.2773220511765901,2
634,51,Other,143678,50,8,0.0,Electronics,916.04,,1.6127246771970394,1
635,23,Female,122669,15,3,0.0,Electronics,248.68,,0.9986715403355713,1
636,24,Female,93266,20,1,0.0,Clothing,636.29,,0.139277738482187,2
637,52,Other,85267,6,5,0.0,Home & Garden,704.32,,-0.09451782731127696,3
638,34,Female,60489,95,3,0.0,Home & Garden,304.86,,-0.8187316701954437,0
639,68,Male,57700,70,8,0.0,Groceries,178.21,,-0.9002488389662864,0
640,57,Male,97035,28,6,0.0,Home & Garden,741.41,,0.24943844450488553,2
641,59,Other,141667,28,4,0.0,Sports,204.25,,1.5539469696322619,1
642,34,Female,114408,38,7,0.0,Electronics,647.35,,0.7572182125421213,2
643,64,Female,92888,2,7,0.0,Sports,84.98,,0.12822951697075688,3
644,54,Male,132403,83,3,0.0,Sports,45.2,,1.2831778583045146,1
645,67,Other,115578,10,1,0.0,Groceries,646.16,,0.7914150886489287,2
646,62,Male,113856,78,6,0.0,Electronics,720.47,,0.741084301763525,2
647,24,Other,122371,11,2,0.0,Electronics,838.19,,0.9899615667630681,1
648,43,Female,67979,49,2,0.0,Groceries,420.03,,-0.5998132069134028,3
649,27,Male,147360,96,3,0.0,Sports,26.1,,1.7203425385861548,1
650,47,Other,88268,32,8,0.0,Groceries,686.5,,-0.00680430150227767,3
651,27,Female,113174,36,3,0.0,Electronics,499.07,,0.7211507380841723,2
652,32,Other,95862,34,6,0.0,Electronics,65.15,,0.21515388410036831,2
653,41,Male,140959,35,7,0.0,Home & Garden,232.42,,1.5332534753727578,1
654,48,Male,82356,97,1,0.0,Sports,204.55,,-0.17960082418898338,3
655,45,Other,47989,70,6,0.0,Groceries,218.77,,-1.1840829106527884,0
656,33,Other,65142,45,10,0.0,Clothing,132.6,,-0.6827333244476017,3
657,27,Male,81110,44,6,0.0,Electronics,654.05,,-0.2160190358377715,3
658,61,Male,145578,79,2,0.0,Clothing,762.06,,1.6682580657465558,1
659,35,Other,116378,38,10,0.0,Clothing,79.27,,0.8147975680381988,2
660,54,Female,89035,14,4,0.0,Sports,138.81,,0.015613650612184993,3
661,69,Female,34122,50,4,0.0,Sports,758.44,,-1.589388962766548,0
662,66,Other,38652,40,10,0.0,Home & Garden,566.59,,-1.4569856732248063,0
663,30,Female,76658,70,3,0.0,Groceries,760.27,,-0.34614253363905934,3
664,56,Other,30492,47,5,0.0,Groceries,725.26,,-1.695486962995361,0
665,37,Male,105623,26,5,0.0,Home & Garden,94.79,,0.5004493607486995,2
666,31,Other,85972,62,9,0.0,Sports,914.63,,-0.07391201734948273,3
667,29,Female,135394,53,9,0.0,Clothing,30.13,,1.370599103121148,1
668,27,Female,48576,29,7,0.0,Sports,976.83,,-1.1669260164009114,0
669,52,Male,87717,79,6,0.0,Clothing,95.17,,-0.02290898418163742,3
670,55,Other,59108,36,6,0.0,Home & Garden,900.16,,-0.8590956752411711,0
671,34,Male,54274,27,2,0.0,Home & Garden,954.46,,-1.0003843069508354,0
672,30,Male,94803,76,6,0.0,Home & Garden,596.98,,0.18420132700882208,2
673,47,Female,40790,36,1,0.0,Clothing,913.84,,-1.3944959970569821,0
674,32,Other,41072,14,5,0.0,Electronics,981.04,,-1.3862536730722645,0
675,64,Female,67704,12,6,0.0,Home & Garden,126.15,,-0.6078509342034644,3
676,64,Female,48169,39,5,0.0,Groceries,451.86,,-1.1788218527902026,0
677,51,Female,146159,99,7,0.0,Groceries,808.89,,1.6852395914030132,1
678,63,Other,56374,60,4,0.0,Home & Garden,943.5,,-0.9390052985540015,0
679,46,Female,112770,6,10,0.0,Sports,559.73,,0.7093425859925909,2
680,36,Other,106345,98,7,0.0,Clothing,55.21,,0.5215520483975158,2
681,49,Other,115974,95,8,0.0,Electronics,143.0,,0.8029894159466174,2
682,61,Male,136973,27,7,0.0,Electronics,269.2,,1.4167502718157199,1
683,27,Female,89855,54,10,0.0,Home & Garden,750.51,,0.0395806919861868,3
684,42,Male,56378,8,9,0.0,Clothing,880.45,,-0.9388883861570552,0
685,37,Male,104041,64,9,0.0,Home & Garden,117.52,,0.454210507756418,2
686,30,Male,115674,78,2,0.0,Clothing,621.73,,0.7942209861756412,2
687,59,Male,65196,22,2,0.0,Home & Garden,625.33,,-0.681155007088826,3
688,30,Male,94970,15,4,0.0,Sports,250.07,,0.1890824195813322,2
689,69,Other,45024,38,5,0.0,Clothing,830.03,,-1.2707442248892704,0
690,39,Female,141586,50,4,0.0,Clothing,659.67,,1.5515794935940983,1
691,53,Other,84686,93,8,0.0,Groceries,109.54,,-0.11149935296773433,3
692,23,Male,57558,28,6,0.0,Electronics,800.78,,-0.9043992290578818,0
693,28,Female,142450,80,3,0.0,Groceries,471.87,,1.57683257133451,1
694,64,Male,32144,76,2,0.0,Sports,902.66,,-1.6472021430565182,0
695,45,Male,53474,79,8,0.0,Electronics,40.32,,-1.0237667863401054,0
696,61,Male,89720,4,9,0.0,Groceries,795.49,,0.035634898589247475,3
697,36,Female,114281,99,7,0.0,Sports,217.78,,0.7535062439390747,2
698,33,Other,36577,28,4,0.0,Electronics,612.54,,-1.5176339791407256,0
699,55,Other,53164,64,2,0.0,Clothing,932.41,,-1.0328274971034477,0
700,31,Male,33604,8,5,0.0,Electronics,984.15,,-1.6045291181711003,0
701,31,Male,148121,34,9,0.0,Groceries,753.49,,1.742585122105198,1
702,26,Female,42499,92,9,0.0,Electronics,37.57,,-1.344545175461654,0
703,26,Female,56466,61,3,0.0,Home & Garden,358.22,,-0.9363163134242355,0
704,52,Female,58805,14,2,0.0,Sports,104.35,,-0.8679517893098572,0
705,42,Male,49140,23,9,0.0,Clothing,400.23,,-1.150441368431476,0
706,29,Female,102972,68,3,0.0,Clothing,258.09,,0.42296566967250593,2
707,47,Female,128439,42,5,0.0,Sports,219.02,,1.1673176729306816,1
708,68,Male,47482,100,9,0.0,Clothing,170.56,,-1.1989015569657382,0
709,44,Female,118123,40,8,0.0,Clothing,140.52,,0.8658006012060442,2
710,43,Female,43545,67,5,0.0,Electronics,179.71,,-1.3139725836601834,0
711,43,Other,51398,12,4,0.0,Sports,117.85,,-1.0844443203552612,0
712,18,Male,141318,37,6,0.0,Home & Garden,428.33,,1.5437463629986927,1
713,19,Female,76416,26,6,0.0,Electronics,385.1,,-0.3532157336543135,3
714,30,Male,100115,54,2,0.0,Sports,789.67,,0.3394609901535752,2
715,43,Other,67912,71,10,0.0,Electronics,698.03,,-0.6017714895622542,3
716,48,Female,74273,23,10,0.0,Sports,626.27,,-0.41585155031832066,3
717,47,Male,136278,76,10,0.0,Clothing,233.64,,1.3964367428462914,1
718,57,Female,108833,77,3,0.0,Home & Garden,623.78,,0.5942715592981457,2
719,21,Female,119226,21,8,0.0,Sports,772.63,,0.8980391946640003,2
720,69,Other,72651,58,5,0.0,Electronics,103.11,,-0.4632595272800657,3
721,27,Male,114848,66,10,0.0,Groceries,912.58,,0.7700785762062199,2
722,45,Male,127989,99,1,0.0,Home & Garden,683.99,,1.154165028274217,1
723,20,Male,48504,27,3,0.0,Groceries,658.54,,-1.1690304395459457,0
724,21,Other,114762,28,3,0.0,Sports,397.54,,0.7675649596718733,2
725,48,Female,108563,3,8,0.0,Clothing,15.72,,0.586379972504267,2
726,40,Other,105994,39,9,0.0,Home & Garden,347.21,,0.5112929855654735,2
727,18,Other,84764,2,6,0.0,Home & Garden,348.51,,-0.1092195612272805,3
728,28,Other,53503,39,5,0.0,Groceries,591.64,,-1.0229191714622445,0
729,50,Male,86985,77,8,0.0,Sports,964.1,,-0.04430395282281952,3
730,19,Male,85349,77,8,0.0,Home & Garden,381.04,,-0.09212112317387677,3
731,53,Female,52855,12,5,0.0,Groceries,444.09,,-1.0418589797675533,0
732,29,Other,66264,85,2,0.0,Electronics,743.3,,-0.6499393971041505,3
733,49,Male,56707,6,8,0.0,Electronics,604.53,,-0.9292723415082179,0
734,23,Other,66886,7,6,0.0,Electronics,322.64,,-0.631759519378993,3
735,38,Other,115537,10,7,0.0,Clothing,632.99,,0.7902167365802287,2
736,52,Female,130875,76,10,0.0,Clothing,979.39,,1.238517322671009,1
737,28,Male,104971,74,4,0.0,Clothing,297.17,,0.48139264004644444,2
738,18,Female,136320,52,5,0.0,Electronics,891.19,,1.397664323014228,1
739,61,Male,113380,27,2,0.0,Electronics,177.5,,0.7271717265269093,2
740,62,Female,119083,18,4,0.0,Electronics,317.78,,0.8938595764731682,2
741,50,Female,50944,24,3,0.0,Electronics,121.22,,-1.097713877408672,0
742,45,Other,30738,38,7,0.0,Home & Garden,144.0,,-1.6882968505831604,0
743,64,Male,132277,81,5,0.0,Sports,505.24,,1.2794951178007046,1
744,56,Male,90816,20,10,0.0,Electronics,808.16,,0.06766889535254746,3
745,30,Female,64288,93,9,0.0,Groceries,825.85,,-0.7076941211956476,3
746,60,Male,34657,99,10,0.0,Electronics,983.3,,-1.5737519296749738,0
747,26,Male,44725,40,10,0.0,Groceries,307.42,,-1.27948342656101,0
748,57,Female,58696,69,4,0.0,Groceries,570.87,,-0.8711376521266452,0
749,22,Male,73023,30,1,0.0,Home & Garden,661.7,,-0.4523866743640551,3
750,41,Other,74985,68,8,0.0,Electronics,123.96,,-0.3950411436618703,3
751,63,Male,37201,60,6,0.0,Groceries,90.96,,-1.499395645217095,0
752,31,Male,85928,10,2,0.0,Home & Garden,34.1,,-0.07519805371589258,3
753,28,Other,129367,4,1,0.0,Electronics,559.61,,1.1944413490222348,1
754,52,Male,49342,77,7,0.0,Groceries,622.86,,-1.1445372923856854,0
755,61,Male,59583,11,8,0.0,Clothing,744.56,,-0.845212328103792,0
756,30,Female,111050,61,10,0.0,Electronics,213.88,,0.6590702553056603,2
757,19,Female,129687,78,3,0.0,Home & Garden,679.67,,1.2037943407779428,1
758,35,Male,94896,36,6,0.0,Home & Garden,102.23,,0.18691954023782473,2
759,64,Other,130443,29,1,0.0,Home & Garden,835.67,,1.225890783800803,1
760,27,Male,80545,63,6,0.0,Sports,575.98,,-0.23253291190644346,3
761,47,Male,112510,1,2,0.0,Home & Garden,618.2,,0.7017432801910781,2
762,57,Male,145190,42,9,0.0,Sports,971.83,,1.6569175632427597,1
763,63,Male,115204,12,2,0.0,Home & Garden,910.59,,0.780483779534445,2
764,61,Female,116123,96,2,0.0,Sports,844.95,,0.807344402732869,2
765,40,Other,108344,87,2,0.0,Electronics,892.28,,0.5799790187714543,2
766,41,Other,74198,84,1,0.0,Clothing,60.51,,-0.4180436577610647,3
767,45,Other,62582,1,6,0.0,Clothing,298.11,,-0.7575572584932659,0
768,33,Other,92798,80,3,0.0,Groceries,367.85,,0.125598988039464,3
769,19,Male,85583,61,5,0.0,Sports,316.35,,-0.0852817479525153,3
770,61,Male,32692,18,8,0.0,Groceries,709.33,,-1.6311851446748682,0
771,55,Other,53069,3,10,0.0,Clothing,777.97,,-1.0356041665309235,0
772,26,Female,79842,78,9,0.0,Clothing,557.41,,-0.2530802656697645,3
773,51,Female,70099,42,7,0.0,Groceries,481.56,,-0.5378496365318371,3
774,52,Male,52167,19,5,0.0,Home & Garden,961.55,,-1.0619679120423253,0
775,24,Male,51225,21,6,0.0,Sports,235.64,,-1.089500781523191,0
776,31,Female,123947,25,2,0.0,Groceries,355.67,,1.03602505115993,1
777,19,Other,45781,93,6,0.0,Sports,412.99,,-1.2486185537671737,0
778,46,Female,78023,83,7,0.0,Sports,270.15,,-0.3062461781811173,3
779,56,Other,43031,56,2,0.0,Electronics,830.79,,-1.3289958266677895,0
780,65,Other,80686,2,8,0.0,Sports,491.8,,-0.2284117499140846,3
781,53,Male,147355,10,2,0.0,Home & Garden,866.3,,1.720196398089972,1
782,22,Male,118840,32,9,0.0,Electronics,819.14,,0.8867571483586775,2
783,39,Other,71987,42,5,0.0,Clothing,196.61,,-0.48266698517315987,3
784,47,Other,64229,74,5,0.0,Groceries,438.95,,-0.7094185790506062,3
785,45,Female,88366,22,10,0.0,Electronics,253.64,,-0.0039399477770920895,3
786,30,Male,43192,61,1,0.0,Sports,614.39,,-1.3242901026906988,0
787,57,Other,56547,65,10,0.0,Groceries,686.83,,-0.9339488373860719,0
788,33,Male,38558,71,8,0.0,Home & Garden,223.73,,-1.4597331145530457,0
789,25,Female,52575,77,5,0.0,Clothing,112.22,,-1.0500428475537977,0
790,61,Male,96409,66,1,0.0,Sports,674.93,,0.23114165438278172,2
791,59,Female,97756,89,6,0.0,Home & Garden,318.74,,0.2705119040544652,2
792,18,Other,140475,38,8,0.0,Sports,442.42,,1.5191070753422495,1
793,63,Female,123481,26,1,0.0,Home & Garden,386.51,,1.0224047569156802,1
794,50,Male,103921,58,2,0.0,Electronics,687.32,,0.4507031358480275,2
795,33,Female,45432,11,4,0.0,Electronics,990.34,,-1.2588191604007426,0
796,47,Male,92114,17,7,0.0,Home & Garden,997.15,,0.10560696816163812,3
797,47,Male,86651,54,3,0.0,Home & Garden,678.41,,-0.05406613796783977,3
798,68,Other,44597,3,1,0.0,Sports,743.73,,-1.2832246232632933,0
799,25,Male,107042,27,1,0.0,Clothing,648.79,,0.5419240335654173,2
800,35,Other,114874,40,3,0.0,Sports,333.55,,0.7708385067863711,2
801,61,Other,69791,33,8,0.0,Sports,165.39,,-0.5468518910967062,3
802,51,Male,107033,96,3,0.0,Groceries,992.17,,0.5416609806722881,2
803,64,Male,127745,72,2,0.0,Groceries,192.17,,1.1470333720604897,1
804,59,Female,58656,47,6,0.0,Groceries,246.07,,-0.8723067760961087,0
805,51,Female,97660,3,7,0.0,Sports,145.66,,0.2677060065277528,2
806,49,Male,69864,92,10,0.0,Groceries,522.78,,-0.5447182398524353,3
807,24,Male,68172,6,1,0.0,Clothing,445.3,,-0.5941721837607414,3
808,33,Male,127302,43,1,0.0,Groceries,785.52,,1.1340853240986815,1
809,46,Other,91845,35,8,0.0,Electronics,537.23,,0.09774460946699606,3
810,35,Male,83547,27,7,0.0,Electronics,570.08,,-0.14479015799820757,3
811,27,Female,78001,50,5,0.0,Home & Garden,117.03,,-0.3068891963643222,3
812,53,Other,76842,73,6,0.0,Home & Garden,701.61,,-0.3407645633795272,3
813,19,Male,68304,9,10,0.0,Sports,864.57,,-0.5903140746615119,3
814,56,Other,145028,2,10,0.0,Home & Garden,849.56,,1.6521826111664326,1
815,53,Female,58486,87,8,0.0,Home & Garden,409.35,,-0.8772755529663286,0
816,50,Other,143612,71,9,0.0,Groceries,372.69,,1.6107956226474247,1
817,37,Female,115734,87,2,0.0,Groceries,646.4,,0.7959746721298364,2
818,69,Male,129445,32,3,0.0,Home & Garden,42.19,,1.1967211407626885,1
819,46,Other,58692,2,9,0.0,Home & Garden,230.66,,-0.8712545645235915,0
820,52,Other,73723,69,10,0.0,Sports,321.92,,-0.4319270048984438,3
821,41,Other,37547,72,3,0.0,Groceries,897.46,,-1.4892827228812358,0
822,26,Female,34901,31,7,0.0,Groceries,667.8,,-1.5666202734612464,0
823,69,Male,85068,54,6,0.0,Sports,846.68,,-0.10033421905935788,3
824,38,Female,81244,57,5,0.0,Home & Garden,301.59,,-0.21210247054006875,3
825,30,Female,121358,16,1,0.0,Electronics,122.7,,0.9603535022364049,2
826,48,Male,111795,41,9,0.0,Groceries,116.19,,0.6808451892369181,2
827,62,Other,88975,58,6,0.0,Sports,921.21,,0.01385996465798974,3
828,34,Male,43316,72,7,0.0,Electronics,274.88,,-1.320665818385362,0
829,37,Male,112949,33,8,0.0,Home & Garden,424.07,,0.71457441575594,2
830,28,Male,136418,17,5,0.0,Home & Garden,765.53,,1.4005286767394136,1
831,43,Female,76811,26,1,0.0,Home & Garden,836.5,,-0.34167063445586143,3
832,69,Other,81964,22,1,0.0,Home & Garden,839.2,,-0.1910582390897257,3
833,43,Female,85487,71,7,0.0,Sports,625.26,,-0.08808764547922769,3
834,38,Male,101111,98,8,0.0,Clothing,738.01,,0.3685721769932164,2
835,41,Female,68147,75,2,0.0,Groceries,553.35,,-0.5949028862416561,3
836,30,Other,42089,29,3,0.0,Home & Garden,536.52,,-1.356528696148655,0
837,69,Female,106629,4,7,0.0,Groceries,443.22,,0.5298528285807067,2
838,57,Male,98928,80,3,0.0,Electronics,934.98,,0.3047672363597458,2
839,43,Male,90687,9,5,0.0,Sports,531.25,,0.06389847055102765,3
840,58,Female,68764,96,6,0.0,Groceries,723.66,,-0.5768691490126816,3
841,40,Male,125996,64,6,0.0,Clothing,583.95,,1.095913426495698,1
842,33,Female,96916,23,6,0.0,Sports,373.49,,0.2459603006957316,2
843,50,Other,149578,28,2,0.0,Home & Garden,839.34,,1.7851704626929061,1
844,43,Male,140638,62,10,0.0,Home & Garden,78.52,,1.5238712555178133,1
845,45,Female,57615,30,5,0.0,Electronics,998.09,,-0.9027332274013964,0
846,60,Other,61376,97,8,0.0,Electronics,793.84,,-0.7928063461725905,0
847,22,Male,134801,47,1,0.0,Groceries,292.92,,1.3532668402738517,1
848,60,Other,111784,31,1,0.0,Clothing,122.12,,0.6805236801453156,2
849,56,Female,86142,87,7,0.0,Sports,291.96,,-0.06894324047926284,3
850,48,Female,126398,19,1,0.0,Clothing,311.08,,1.1076631223888063,1
851,51,Other,59566,25,5,0.0,Groceries,847.03,,-0.845709205790814,0
852,64,Female,63123,88,1,0.0,Groceries,330.95,,-0.741744856806272,3
853,22,Other,120644,75,1,0.0,Clothing,456.11,,0.9394846393814814,2
854,27,Female,40595,84,6,0.0,Groceries,268.76,,-1.4001954764081168,0
855,18,Male,30102,35,2,0.0,Sports,739.27,,-1.7068859216976302,0
856,45,Other,135627,67,2,0.0,Groceries,524.16,,1.3774092502432729,1
857,19,Female,90561,75,10,0.0,Home & Garden,866.23,,0.06021573004721762,3
858,67,Male,115470,56,4,0.0,Clothing,151.74,,0.7882584539313773,2
859,22,Male,62752,2,10,0.0,Electronics,469.36,,-0.752588481623046,0
860,22,Male,46866,3,7,0.0,Electronics,737.44,,-1.216906066095476,0
861,21,Other,145884,3,4,0.0,Home & Garden,676.93,,1.6772018641129516,1
862,20,Male,79899,64,7,0.0,Clothing,129.9,,-0.25141426401327904,3
863,42,Other,77292,73,10,0.0,Groceries,787.66,,-0.32761191872306283,3
864,41,Male,92371,28,10,0.0,Electronics,594.96,,0.11311858966544111,3
865,57,Other,106632,26,1,0.0,Groceries,610.98,,0.5299405128784164,2
866,22,Male,48068,57,2,0.0,Electronics,683.02,,-1.181773890813098,0
867,68,Other,35122,72,6,0.0,Sports,983.84,,-1.5601608635299604,0
868,51,Other,83467,83,1,0.0,Clothing,30.88,,-0.14712840593713458,3
869,49,Female,61376,47,5,0.0,Home & Garden,241.25,,-0.7928063461725905,0
870,57,Other,112212,6,6,0.0,Home & Garden,312.64,,0.693033306618575,2
871,57,Female,128481,86,10,0.0,Home & Garden,727.15,,1.1685452530986182,1
872,63,Male,33546,18,9,0.0,Sports,191.8,,-1.6062243479268226,0
873,42,Female,127546,54,1,0.0,Clothing,484.72,,1.1412169803124088,1
874,35,Male,121037,70,1,0.0,Groceries,304.08,,0.9509712823814603,2
875,25,Female,76606,99,10,0.0,Home & Garden,472.4,,-0.3476623947993619,3
876,60,Other,120195,68,9,0.0,Sports,600.21,,0.9263612228242536,2
877,51,Female,127950,27,3,0.0,Home & Garden,412.76,,1.1530251324039902,1
878,45,Female,51646,61,5,0.0,Home & Garden,246.41,,-1.0771957517445876,0
879,51,Male,80995,68,1,0.0,Sports,863.54,,-0.21938026724997906,3
880,59,Other,97355,63,2,0.0,Groceries,329.18,,0.25879143626059353,2
881,47,Female,133264,93,2,0.0,Groceries,11.01,,1.3083432517472164,1
882,61,Male,49557,22,6,0.0,Clothing,678.13,,-1.138253251049819,0
883,62,Other,97909,100,1,0.0,Home & Garden,439.63,,0.2749838032376631,2
884,50,Female,59695,70,5,0.0,Clothing,241.99,,-0.8419387809892942,0
885,58,Other,149723,70,9,0.0,Electronics,374.59,,1.7894085370822113,1
886,26,Other,113532,70,7,0.0,Sports,679.69,,0.7316143976108707,2
887,60,Male,98882,38,2,0.0,Groceries,940.14,,0.3034227437948628,2
888,29,Male,149973,2,2,0.0,Groceries,437.1,,1.7967155618913582,1
889,33,Other,146269,92,6,0.0,Sports,486.86,,1.6884546823190378,1
890,60,Other,73059,77,3,0.0,Clothing,581.15,,-0.451334462791538,3
891,22,Other,87909,19,7,0.0,Sports,20.52,,-0.017297189128212608,3
892,66,Other,40932,5,1,0.0,Sports,546.06,,-1.3903456069653868,0
893,24,Female,60763,92,5,0.0,Home & Garden,320.7,,-0.8107231710046187,0
894,63,Other,119492,25,8,0.0,Sports,758.1,,0.9058138690609325,2
895,27,Male,128640,3,5,0.0,Home & Garden,140.52,,1.1731925208772356,1
896,53,Male,137307,34,1,0.0,Sports,952.12,,1.4265124569607401,1
897,32,Male,81701,96,9,0.0,Electronics,77.45,,-0.1987452291889482,3
898,64,Other,82140,57,3,0.0,Home & Garden,97.97,,-0.18591409362408629,3
899,48,Male,134463,32,2,0.0,Electronics,535.1,,1.343387742731885,1
900,52,Female,41544,1,10,0.0,Home & Garden,720.52,,-1.3724580102325952,0
901,57,Female,135440,46,8,0.0,Home & Garden,442.46,,1.371943595686031,1
902,55,Female,72193,39,2,0.0,Home & Garden,207.44,,-0.4766459967304228,3
903,33,Other,106771,23,7,0.0,Sports,609.8,,0.534003218672302,2
904,64,Female,122557,87,2,0.0,Groceries,344.59,,0.9953979932210734,1
905,64,Male,139658,77,6,0.0,Sports,71.97,,1.4952277182659575,1
906,25,Male,130604,100,4,0.0,Electronics,355.45,,1.2305965077778935,1
907,62,Other,113706,19,1,0.0,Home & Garden,427.68,,0.7367000868780369,2
908,59,Other,141567,27,8,0.0,Sports,95.96,,1.551024159708603,1
909,27,Female,89618,49,8,0.0,Groceries,831.05,,0.03265363246711554,3
910,55,Other,45562,68,3,0.0,Groceries,628.34,,-1.2550195074999864,0
911,66,Female,55154,93,3,0.0,Electronics,684.88,,-0.9746635796226384,0
912,54,Male,69676,9,7,0.0,Clothing,932.68,,-0.5502131225089137,3
913,38,Male,45551,100,10,0.0,Electronics,99.63,,-1.2553410165915888,0
914,55,Male,109314,72,10,0.0,Electronics,438.97,,0.6083302750309443,2
915,18,Other,69502,83,6,0.0,Sports,236.83,,-0.55529881177608,3
916,26,Male,131020,23,7,0.0,Groceries,844.88,,1.242755397060314,1
917,49,Other,30523,83,4,0.0,Electronics,564.48,,-1.6945808919190268,0
918,36,Female,45458,74,6,0.0,Groceries,135.23,,-1.2580592298205915,0
919,28,Other,57107,82,5,0.0,Home & Garden,271.17,,-0.9175811018135829,0
920,60,Other,44555,84,7,0.0,Electronics,678.42,,-1.28445220343123,0
921,66,Male,122436,73,7,0.0,Home & Garden,666.62,,0.9918613932134464,1
922,58,Male,105157,51,3,0.0,Clothing,344.39,,0.48682906650444974,2
923,68,Male,107702,73,4,0.0,Sports,136.03,,0.5612145790615651,2
924,20,Male,88778,56,2,0.0,Groceries,240.93,,0.00810202910838199,3
925,53,Other,32539,22,6,0.0,Home & Garden,536.06,,-1.6356570438580662,0
926,39,Female,53091,41,9,0.0,Groceries,12.45,,-1.0349611483477186,0
927,46,Other,46368,11,7,0.0,Home & Garden,869.05,,-1.2314616595152967,0
928,28,Male,134592,43,10,0.0,Clothing,557.04,,1.3471581675334048,1
929,35,Male,48768,43,2,0.0,Electronics,746.74,,-1.1613142213474865,0
930,42,Other,128064,8,8,0.0,Groceries,316.5,,1.156357135716961,1
931,59,Male,48329,6,8,0.0,Home & Garden,36.76,,-1.1741453569123486,0
932,31,Other,30969,32,9,0.0,Sports,562.47,,-1.6815451596595086,0
933,18,Male,117893,84,3,0.0,Electronics,413.27,,0.859078138381629,2
934,47,Male,138152,53,2,0.0,Groceries,129.08,,1.4512102008156564,1
935,48,Other,129592,2,3,0.0,Clothing,748.46,,1.201017671350467,1
936,51,Male,148784,17,1,0.0,Home & Garden,302.81,,1.7619633518990556,1
937,43,Female,42201,76,1,0.0,Home & Garden,106.48,,-1.3532551490341571,0
938,64,Other,65498,23,5,0.0,Clothing,351.94,,-0.6723281211193766,3
939,37,Male,70213,84,3,0.0,Home & Garden,785.53,,-0.5345176332188661,3
940,56,Female,51736,3,9,0.0,Home & Garden,666.01,,-1.0745652228132947,0
941,54,Male,33706,64,9,0.0,Clothing,371.93,,-1.6015478520489685,0
942,36,Male,33087,69,7,0.0,Sports,651.8,,-1.6196400454764162,0
943,54,Female,140081,100,1,0.0,Electronics,30.51,,1.507591204243034,1
944,47,Other,37014,76,5,0.0,Electronics,880.18,,-1.504861299774337,0
945,65,Male,42779,81,5,0.0,Clothing,594.92,,-1.3363613076754095,0
946,59,Male,149936,80,7,0.0,Groceries,406.6,,1.7956341222196044,1
947,60,Other,111493,40,10,0.0,Groceries,190.34,,0.6720183032674686,2
948,21,Other,117520,34,3,0.0,Sports,256.98,,0.8481760573663818,2
949,62,Other,128667,37,5,0.0,Sports,150.62,,1.1739816795566234,1
950,45,Other,114390,38,3,0.0,Groceries,663.25,,0.7566921067558627,2
951,41,Other,134487,7,10,0.0,Electronics,556.1,,1.344089217113563,1
952,29,Female,45164,54,8,0.0,Groceries,915.62,,-1.2666522909961482,0
953,51,Male,104830,43,9,0.0,Sports,593.92,,0.4772714780540856,2
954,44,Male,123822,20,4,0.0,Electronics,209.75,,1.0323715387553567,1
955,30,Male,50661,89,9,0.0,Sports,630.37,,-1.1059854294926263,0
956,60,Other,48802,68,1,0.0,Groceries,296.76,,-1.1603204659734425,0
957,60,Female,56429,69,9,0.0,Groceries,894.95,,-0.9373977530959893,0
958,26,Female,41126,37,9,0.0,Clothing,100.64,,-1.3846753557134888,0
959,38,Female,99054,59,6,0.0,Groceries,174.22,,0.30844997686355585,2
960,61,Female,50349,76,9,0.0,Clothing,957.5,,-1.1151045964544417,0
961,23,Female,60808,96,2,0.0,Home & Garden,231.03,,-0.8094079065389722,0
962,60,Male,98537,71,9,0.0,Groceries,725.67,,0.2933390495582401,2
963,66,Female,72885,1,9,0.0,Groceries,654.48,,-0.45642015205870423,3
964,26,Other,109221,91,2,0.0,Sports,660.05,,0.6056120618019416,2
965,49,Other,94218,4,10,0.0,Electronics,287.36,,0.16710288895541836,2
966,58,Other,133888,92,10,0.0,Home & Garden,628.3,,1.3265815856708472,1
967,46,Female,67361,80,6,0.0,Sports,350.08,,-0.617876172241614,3
968,23,Female,74773,16,2,0.0,Groceries,626.05,,-0.4012375007000269,3
969,61,Other,38209,79,8,0.0,Sports,724.23,,-1.4699337211866146,0
970,68,Female,40471,28,3,0.0,Groceries,40.89,,-1.4038197607134537,0
971,58,Female,51913,14,4,0.0,Home & Garden,733.63,,-1.0693918492484187,0
972,41,Male,120294,79,5,0.0,Clothing,942.03,,0.9292548046486757,2
973,43,Male,130645,34,10,0.0,Groceries,833.69,,1.2317948598465938,1
974,48,Other,75118,84,6,0.0,Electronics,711.37,,-0.3911538064634042,3
975,49,Female,79546,26,5,0.0,Home & Garden,935.73,,-0.2617317830437944,3
976,30,Male,54930,12,9,0.0,Electronics,724.88,,-0.981210673851634,0
977,37,Male,100314,71,5,0.0,Groceries,692.74,,0.3452773819016562,2
978,45,Female,91381,48,8,0.0,Sports,253.13,,0.08418277142121942,3
979,66,Female,74055,100,6,0.0,Sports,318.7,,-0.42222327595189674,3
980,45,Female,135047,11,9,0.0,Clothing,422.93,,1.3604569526860522,1
981,30,Male,117373,32,1,0.0,Home & Garden,129.35,,0.8438795267786035,2
982,59,Other,87884,79,9,0.0,Groceries,491.55,,-0.018027891609127298,3
983,68,Female,117203,76,7,0.0,Electronics,363.94,,0.8389107499083835,2
984,51,Other,91682,27,9,0.0,Electronics,990.87,,0.09298042929143228,3
985,35,Other,82057,66,4,0.0,Sports,683.93,,-0.18834002586072304,3
986,66,Other,78149,2,10,0.0,Home & Garden,579.27,,-0.30256343767730726,3
987,22,Male,80049,1,10,0.0,Sports,16.97,,-0.2470300491277909,3
988,26,Male,148451,78,5,0.0,Groceries,99.19,,1.7522303948532718,1
989,26,Male,45147,93,1,0.0,Home & Garden,750.58,,-1.2671491686831702,0
990,31,Other,45695,36,2,0.0,Electronics,864.67,,-1.2511321703015201,0
991,21,Other,80264,41,4,0.0,Sports,458.93,,-0.24074600779192457,3
992,53,Other,83578,97,5,0.0,Sports,917.08,,-0.14388408692187335,3
993,22,Female,125479,57,8,0.0,Home & Garden,139.75,,1.0808024991903822,1
994,29,Female,64799,42,5,0.0,Electronics,967.26,,-0.6927585624857513,3
995,60,Male,71923,25,2,0.0,Clothing,986.97,,-0.48453758352430143,3
996,57,Male,112170,57,6,0.0,Clothing,313.64,,0.6918057264506383,2
997,23,Other,65337,76,10,0.0,Groceries,632.83,,-0.6770338450964671,3
998,23,Male,113097,40,5,0.0,Sports,75.09,,0.7189001744429551,2
999,22,Female,113695,63,7,0.0,Electronics,505.16,,0.7363785777864345,2
1000,36,Female,90420,7,2,0.0,Groceries,669.26,,0.056094568054858775,3
