CREATE DATABASE HOTEL_MANAGEMENT;
USE HOTEL_MANAGEMENT;
CREATE TABLE HOTEL(
HOTEL_ID INT PRIMARY KEY,
NAME VARCHAR(200),
ADDRESS VARCHAR(255),
PHONE VARCHAR(12),
CHECK_IN_TIME TIME,
CHECK_OUT_TIME TIME);
DROP TABLE HOTEL;
INSERT INTO HOTEL VALUES (111,"HARI","VELACHERY","12345","09:00","12:00");
INSERT INTO HOTEL VALUES (112,"ARUNA","VELACHERY CHECK POST","56789","8:00","12:00");
INSERT INTO HOTEL VALUES (113,"TANVI","TAMBARAM","23452","9:00","17:00");
INSERT INTO HOTEL VALUES (114,"BAKIYA","SEMBAKKAM","56783","7:00","20:00");
INSERT INTO HOTEL VALUES (115,"SOWMI","T-NAGAR","367282","8:00","16:00");
SELECT * FROM HOTEL;
CREATE TABLE ROOM_TYPE(
TYPE_ID INT PRIMARY KEY,
NAME VARCHAR(40),
PRICE_PER_NIGHT INT,
CAPACITY INT);
DROP TABLE ROOM_TYPE;
INSERT INTO ROOM_TYPE VALUES(21,"NON_AC",3000,3);
INSERT INTO ROOM_TYPE VALUES(22,"NON_AC",4000,4);
INSERT INTO ROOM_TYPE VALUES(23,"AC 1",5000,2);
INSERT INTO ROOM_TYPE VALUES(24,"AC_LUXARY",8000,2);
INSERT INTO ROOM_TYPE VALUES(25,"AC 2",9000,2);
SELECT * FROM ROOM_TYPE;
CREATE TABLE ROOM (
ROOM_NUMBER INT PRIMARY KEY,
HOTEL_ID INT,
TYPE_ID INT,
STATUS VARCHAR(20),
FOREIGN KEY (HOTEL_ID) REFERENCES HOTEL(HOTEL_ID),
FOREIGN KEY (TYPE_ID) REFERENCES ROOM_TYPE(TYPE_ID));
DROP TABLE ROOM;
INSERT INTO ROOM VALUES(1,111,21,"IN");
INSERT INTO ROOM VALUES(3,111,21,"IN");
INSERT INTO ROOM VALUES(2,112,22,"OUT");
INSERT INTO ROOM VALUES(4,112,22,"IN");
INSERT INTO ROOM VALUES(5,113,23,"IN");
INSERT INTO ROOM VALUES(6,113,23,"OUT");
INSERT INTO ROOM VALUES(7,114,24,"IN");
INSERT INTO ROOM VALUES(8,115,21,"OUT");
INSERT INTO ROOM VALUES(9,113,25,"IN");
SELECT * FROM ROOM;
CREATE TABLE GUEST (
GUEST_ID INT PRIMARY KEY,
GUEST_Name VARCHAR(50),
DateOfBirth DATE,
ADDRESS VARCHAR(255),
PHONE_G VARCHAR(15),
G_MAIL VARCHAR(277));
DROP TABLE GUEST;
INSERT INTO GUEST VALUES (211,"SOWDHARYA","2001-11-09","VELACHARY",9090234521,"DHARYA23@GMAIL.COM");
INSERT INTO GUEST VALUES (221,"SOWBAKIYA","2001-06-08","CHENNAI ONE",9995672117,"SUBBUSOW12@GMAIL.COM");
INSERT INTO GUEST VALUES (231,"CHELLA","1995-11-14","DHARMAPURI",9600689034,"CHELLA14@GMAIL.COM");
INSERT INTO GUEST VALUES (241,"GAYATHRI","2000-03-31","HARUR",9090234545,"GAYU3@GMAIL.COM");
INSERT INTO GUEST VALUES (251,"ASHOK","1993-07-05","DHARMAPURI",8097645232,"SOWMI67@GMAIL.COM");
INSERT INTO GUEST(GUEST_ID,GUEST_Name,DateOfBirth,ADDRESS,PHONE_G) VALUES (261,"MANJU","1898-01-07","KADATHUR",8890234521);
INSERT INTO GUEST VALUES (271,"NARMADHA","2003-12-12","HOSUR",8888334521,"MADHU78@GMAIL.COM");
INSERT INTO GUEST VALUES (281,"FIZA","2000-02-05","OOTY",7689235612,"FIDA456@GMAIL.COM");
SELECT * FROM GUEST;
